[
  {
    "id": "math_basic_f001",
    "title": "Suma",
    "interest": "math_basic",
    "text": "¿Cuánto es 6 + 7?",
    "hint": "Piensa 6+4=10 y faltan 3",
    "options": [
      "11",
      "12",
      "13",
      "14"
    ],
    "correct": 2
  },
  {
    "id": "math_basic_f002",
    "title": "Multiplicación",
    "interest": "math_basic",
    "text": "¿Cuánto es 5 × 4?",
    "hint": "Contar de 5 en 5",
    "options": [
      "9",
      "20",
      "25",
      "40"
    ],
    "correct": 1
  },
  {
    "id": "math_basic_f003",
    "title": "Número par",
    "interest": "math_basic",
    "text": "Escribe un número par menor que 10",
    "hint": "Cualquiera: 2,4,6,8",
    "solution": "8"
  },
  {
    "id": "fun_science_f005",
    "title": "Pregunta rápida",
    "interest": "fun_science",
    "text": "¿Cuál es la opción correcta sobre ciencia divertida?",
    "hint": "Piensa simple",
    "options": [
      "No lo sé",
      "Esto",
      "Aquello",
      "Lo otro"
    ],
    "correct": 1
  },
  {
    "id": "fun_science_f006",
    "title": "Elige la correcta",
    "interest": "fun_science",
    "text": "En ciencia divertida, ¿qué opción es la más adecuada?",
    "hint": "Lo más positivo",
    "options": [
      "Tal vez",
      "Sí",
      "No",
      "Depende"
    ],
    "correct": 1
  },
  {
    "id": "fun_science_f007",
    "title": "Respuesta corta",
    "interest": "fun_science",
    "text": "Escribe una palabra relacionada con ciencia divertida",
    "hint": "Una palabra sencilla",
    "solution": "ciencia"
  },
  {
    "id": "animals_f001",
    "title": "¿Quién ladra?",
    "interest": "animals",
    "text": "El animal que ladra es…",
    "hint": "Mascota común",
    "options": [
      "Gato",
      "Vaca",
      "Perro",
      "Pato"
    ],
    "correct": 2
  },
  {
    "id": "animals_f002",
    "title": "Hábitat",
    "interest": "animals",
    "text": "El pingüino vive en…",
    "hint": "Zonas frías",
    "options": [
      "Desierto",
      "Polos",
      "Selva",
      "Sabana"
    ],
    "correct": 1
  },
  {
    "id": "animals_f003",
    "title": "Cría del perro",
    "interest": "animals",
    "text": "¿Cómo se llama la cría del perro?",
    "hint": "Empieza con 'c'",
    "solution": "cachorro"
  },
  {
    "id": "sports_f001",
    "title": "Pelota naranja",
    "interest": "sports",
    "text": "¿Qué deporte usa pelota naranja a menudo?",
    "hint": "Aros",
    "options": [
      "Fútbol",
      "Rugby",
      "Básquetbol",
      "Vóley"
    ],
    "correct": 2
  },
  {
    "id": "sports_f002",
    "title": "Equipo",
    "interest": "sports",
    "text": "¿Cuántos jugadores por equipo en cancha de fútbol?",
    "hint": "Regla básica",
    "options": [
      "9",
      "10",
      "11",
      "12"
    ],
    "correct": 2
  },
  {
    "id": "sports_f003",
    "title": "Lugar de natación",
    "interest": "sports",
    "text": "Lugar donde se practica natación (una palabra)",
    "hint": "Empieza con p",
    "solution": "piscina"
  },
  {
    "id": "music_f017",
    "title": "Pregunta rápida",
    "interest": "music",
    "text": "¿Cuál es la opción correcta sobre música?",
    "hint": "Piensa simple",
    "options": [
      "No lo sé",
      "Esto",
      "Aquello",
      "Lo otro"
    ],
    "correct": 1
  },
  {
    "id": "music_f018",
    "title": "Elige la correcta",
    "interest": "music",
    "text": "En música, ¿qué opción es la más adecuada?",
    "hint": "Lo más positivo",
    "options": [
      "Tal vez",
      "Sí",
      "No",
      "Depende"
    ],
    "correct": 1
  },
  {
    "id": "music_f019",
    "title": "Respuesta corta",
    "interest": "music",
    "text": "Escribe una palabra relacionada con música",
    "hint": "Una palabra sencilla",
    "solution": "música"
  },
  {
    "id": "art_f021",
    "title": "Pregunta rápida",
    "interest": "art",
    "text": "¿Cuál es la opción correcta sobre arte/dibujo?",
    "hint": "Piensa simple",
    "options": [
      "No lo sé",
      "Esto",
      "Aquello",
      "Lo otro"
    ],
    "correct": 1
  },
  {
    "id": "art_f022",
    "title": "Elige la correcta",
    "interest": "art",
    "text": "En arte/dibujo, ¿qué opción es la más adecuada?",
    "hint": "Lo más positivo",
    "options": [
      "Tal vez",
      "Sí",
      "No",
      "Depende"
    ],
    "correct": 1
  },
  {
    "id": "art_f023",
    "title": "Respuesta corta",
    "interest": "art",
    "text": "Escribe una palabra relacionada con arte/dibujo",
    "hint": "Una palabra sencilla",
    "solution": "arte"
  },
  {
    "id": "videogames_f025",
    "title": "Pregunta rápida",
    "interest": "videogames",
    "text": "¿Cuál es la opción correcta sobre videojuegos?",
    "hint": "Piensa simple",
    "options": [
      "No lo sé",
      "Esto",
      "Aquello",
      "Lo otro"
    ],
    "correct": 1
  },
  {
    "id": "videogames_f026",
    "title": "Elige la correcta",
    "interest": "videogames",
    "text": "En videojuegos, ¿qué opción es la más adecuada?",
    "hint": "Lo más positivo",
    "options": [
      "Tal vez",
      "Sí",
      "No",
      "Depende"
    ],
    "correct": 1
  },
  {
    "id": "videogames_f027",
    "title": "Respuesta corta",
    "interest": "videogames",
    "text": "Escribe una palabra relacionada con videojuegos",
    "hint": "Una palabra sencilla",
    "solution": "videojuegos"
  },
  {
    "id": "tech_f029",
    "title": "Pregunta rápida",
    "interest": "tech",
    "text": "¿Cuál es la opción correcta sobre tecnología?",
    "hint": "Piensa simple",
    "options": [
      "No lo sé",
      "Esto",
      "Aquello",
      "Lo otro"
    ],
    "correct": 1
  },
  {
    "id": "tech_f030",
    "title": "Elige la correcta",
    "interest": "tech",
    "text": "En tecnología, ¿qué opción es la más adecuada?",
    "hint": "Lo más positivo",
    "options": [
      "Tal vez",
      "Sí",
      "No",
      "Depende"
    ],
    "correct": 1
  },
  {
    "id": "tech_f031",
    "title": "Respuesta corta",
    "interest": "tech",
    "text": "Escribe una palabra relacionada con tecnología",
    "hint": "Una palabra sencilla",
    "solution": "tecnología"
  },
  {
    "id": "nature_f033",
    "title": "Pregunta rápida",
    "interest": "nature",
    "text": "¿Cuál es la opción correcta sobre naturaleza?",
    "hint": "Piensa simple",
    "options": [
      "No lo sé",
      "Esto",
      "Aquello",
      "Lo otro"
    ],
    "correct": 1
  },
  {
    "id": "nature_f034",
    "title": "Elige la correcta",
    "interest": "nature",
    "text": "En naturaleza, ¿qué opción es la más adecuada?",
    "hint": "Lo más positivo",
    "options": [
      "Tal vez",
      "Sí",
      "No",
      "Depende"
    ],
    "correct": 1
  },
  {
    "id": "nature_f035",
    "title": "Respuesta corta",
    "interest": "nature",
    "text": "Escribe una palabra relacionada con naturaleza",
    "hint": "Una palabra sencilla",
    "solution": "naturaleza"
  },
  {
    "id": "history_f037",
    "title": "Pregunta rápida",
    "interest": "history",
    "text": "¿Cuál es la opción correcta sobre historia simple?",
    "hint": "Piensa simple",
    "options": [
      "No lo sé",
      "Esto",
      "Aquello",
      "Lo otro"
    ],
    "correct": 1
  },
  {
    "id": "history_f038",
    "title": "Elige la correcta",
    "interest": "history",
    "text": "En historia simple, ¿qué opción es la más adecuada?",
    "hint": "Lo más positivo",
    "options": [
      "Tal vez",
      "Sí",
      "No",
      "Depende"
    ],
    "correct": 1
  },
  {
    "id": "history_f039",
    "title": "Respuesta corta",
    "interest": "history",
    "text": "Escribe una palabra relacionada con historia simple",
    "hint": "Una palabra sencilla",
    "solution": "historia"
  },
  {
    "id": "geo_f041",
    "title": "Pregunta rápida",
    "interest": "geo",
    "text": "¿Cuál es la opción correcta sobre geografía fácil?",
    "hint": "Piensa simple",
    "options": [
      "No lo sé",
      "Esto",
      "Aquello",
      "Lo otro"
    ],
    "correct": 1
  },
  {
    "id": "geo_f042",
    "title": "Elige la correcta",
    "interest": "geo",
    "text": "En geografía fácil, ¿qué opción es la más adecuada?",
    "hint": "Lo más positivo",
    "options": [
      "Tal vez",
      "Sí",
      "No",
      "Depende"
    ],
    "correct": 1
  },
  {
    "id": "geo_f043",
    "title": "Respuesta corta",
    "interest": "geo",
    "text": "Escribe una palabra relacionada con geografía fácil",
    "hint": "Una palabra sencilla",
    "solution": "geografía"
  },
  {
    "id": "language_f001",
    "title": "Vocal",
    "interest": "language",
    "text": "Completa: _ASA (cosa de la cocina)",
    "hint": "Sostener",
    "options": [
      "M",
      "P",
      "T",
      "C"
    ],
    "correct": 1
  },
  {
    "id": "language_f002",
    "title": "Sinónimo",
    "interest": "language",
    "text": "Sinónimo de 'feliz'",
    "hint": "Empieza con c",
    "options": [
      "contento",
      "alto",
      "lento",
      "verde"
    ],
    "correct": 0
  },
  {
    "id": "language_f003",
    "title": "Antónimo",
    "interest": "language",
    "text": "Antónimo de 'alto'",
    "hint": "Empieza con b",
    "solution": "bajo"
  },
  {
    "id": "social_f049",
    "title": "Pregunta rápida",
    "interest": "social",
    "text": "¿Cuál es la opción correcta sobre habilidades sociales?",
    "hint": "Piensa simple",
    "options": [
      "No lo sé",
      "Esto",
      "Aquello",
      "Lo otro"
    ],
    "correct": 1
  },
  {
    "id": "social_f050",
    "title": "Elige la correcta",
    "interest": "social",
    "text": "En habilidades sociales, ¿qué opción es la más adecuada?",
    "hint": "Lo más positivo",
    "options": [
      "Tal vez",
      "Sí",
      "No",
      "Depende"
    ],
    "correct": 1
  },
  {
    "id": "social_f051",
    "title": "Respuesta corta",
    "interest": "social",
    "text": "Escribe una palabra relacionada con habilidades sociales",
    "hint": "Una palabra sencilla",
    "solution": "habilidades"
  },
  {
    "id": "health_f053",
    "title": "Pregunta rápida",
    "interest": "health",
    "text": "¿Cuál es la opción correcta sobre salud y hábitos?",
    "hint": "Piensa simple",
    "options": [
      "No lo sé",
      "Esto",
      "Aquello",
      "Lo otro"
    ],
    "correct": 1
  },
  {
    "id": "health_f054",
    "title": "Elige la correcta",
    "interest": "health",
    "text": "En salud y hábitos, ¿qué opción es la más adecuada?",
    "hint": "Lo más positivo",
    "options": [
      "Tal vez",
      "Sí",
      "No",
      "Depende"
    ],
    "correct": 1
  },
  {
    "id": "health_f055",
    "title": "Respuesta corta",
    "interest": "health",
    "text": "Escribe una palabra relacionada con salud y hábitos",
    "hint": "Una palabra sencilla",
    "solution": "salud"
  },
  {
    "id": "digital_safety_f057",
    "title": "Pregunta rápida",
    "interest": "digital_safety",
    "text": "¿Cuál es la opción correcta sobre seguridad digital?",
    "hint": "Piensa simple",
    "options": [
      "No lo sé",
      "Esto",
      "Aquello",
      "Lo otro"
    ],
    "correct": 1
  },
  {
    "id": "digital_safety_f058",
    "title": "Elige la correcta",
    "interest": "digital_safety",
    "text": "En seguridad digital, ¿qué opción es la más adecuada?",
    "hint": "Lo más positivo",
    "options": [
      "Tal vez",
      "Sí",
      "No",
      "Depende"
    ],
    "correct": 1
  },
  {
    "id": "digital_safety_f059",
    "title": "Respuesta corta",
    "interest": "digital_safety",
    "text": "Escribe una palabra relacionada con seguridad digital",
    "hint": "Una palabra sencilla",
    "solution": "seguridad"
  }
]